<?xml version='1.0' encoding='UTF-8'?>
<system creation-date="2019-09-27 14:44:34" desc="14000-501950" enable="False" id="8c486a28-efbd-46a4-9abf-b52c959fbdbb" last-modified-date="" name="14000-501950"><applications><application name="RobotWare" version="6.10.0069"><settings><setting-file path="/hd0a/14000-501950/INTERNAL/controller.rsf" /><system-xml path="/hd0a/14000-501950/system.xml" /><key-id path="/hd0a/14000-501950/INTERNAL/key.id" /></settings></application><application name="SmartGripper" version="3.56.0000.00"><settings><setting-file path="/hd0a/14000-501950/INTERNAL/controller.rsf" /><system-xml path="/hd0a/14000-501950/system.xml" /><key-id path="/hd0a/14000-501950/INTERNAL/key.id" /></settings></application><application name="StateMachine" version="1.01.0003.00"><settings><setting-file path="/hd0a/14000-501950/INTERNAL/controller.rsf" /><system-xml path="/hd0a/14000-501950/system.xml" /><key-id path="/hd0a/14000-501950/INTERNAL/key.id" /></settings></application></applications></system>